plastic,name,casrn,smiles,ecosar_class,experimental_or_reference_neglog_lc50,log_kow_epi,abraham_e,abraham_s,abraham_a,abraham_b,abraham_v,abraham_l,literature,log_k_plastic_water,prediction_asm_neglog_lc50,prediction_ecosar_neglog_lc50,prediction_bl_neglog_lc50,prediction_lim_neglog_lc50,neglog_critical_burden_mol_kg,prediction_tpm_median_neglog_lc50,evidence_tier
Polypropylene,Phenanthrene,85-01-8,c1ccc2c(c1)c1ccccc1cc2,Neutral Organics,5.10484984735857,4.46,2.06,1.29,0.0,0.26,1.4544,7.632,LSER Dataset for CompTox users (2017),3.17,5.604568799999999,5.1914417555923675,5.09818,5.34548,2.434568799999999,5.3599426,exploratory
Polypropylene,PCB 28,7012-37-5,Clc1ccc(cc1)c1ccc(cc1Cl)Cl,Neutral Organics,,5.62,1.76,1.33,0.0,0.15,1.6914,7.904,LSER Dataset for CompTox users (2017),4.92,6.6653778,6.398024329511426,6.12246,6.08556,1.7453778,7.1099426,exploratory
Polypropylene,PCB 52,35693-99-3,Clc1ccc(cc1c1cc(Cl)ccc1Cl)Cl,Neutral Organics,,6.09,1.9,1.48,0.0,0.15,1.8138,8.144,LSER Dataset for CompTox users (2017),4.92,7.1099426,6.974006284260768,6.53747,6.38542,2.1899426,7.1099426,exploratory
Polypropylene,PCB 44,41464-39-5,Clc1ccc(c(c1)c1cccc(c1Cl)Cl)Cl,Neutral Organics,,5.81,1.9,1.48,0.0,0.15,1.8138,8.312,LSER Dataset for CompTox users (2017),4.97,7.1099426,6.974006284260768,6.29023,6.20678,2.1399426000000004,7.1599426,exploratory
Polypropylene,PCB 118,31508-00-6,Clc1cc(Cl)c(cc1c1ccc(c(c1)Cl)Cl)Cl,Neutral Organics,,7.12,2.06,1.59,0.0,0.11,1.9362,9.396,LSER Dataset for CompTox users (2017),5.54,7.713107399999999,7.559560859744569,7.446960000000001,7.04256,2.1731073999999992,7.7299426,exploratory
Polypropylene,PCB 105,32598-14-4,Clc1ccc(cc1Cl)c1ccc(c(c1Cl)Cl)Cl,Neutral Organics,,6.79,2.04,1.59,0.0,0.11,1.9362,9.594,LSER Dataset for CompTox users (2017),5.6,7.7047474,7.559560859744569,7.15557,6.83202,2.1047474,7.7899426,exploratory
Polypropylene,PCB 187,52663-68-0,Clc1cc(Cl)c(cc1c1c(Cl)c(Cl)cc(c1Cl)Cl)Cl,Neutral Organics,,8.27,2.31,1.87,0.0,0.09,2.181,9.864,LSER Dataset for CompTox users (2017),5.56,8.664817,8.715004801111368,8.46241,7.77626,3.1048169999999997,7.7499426,exploratory
Polypropylene,PCB 128,38380-07-3,Clc1c(ccc(c1Cl)Cl)c1ccc(c(c1Cl)Cl)Cl,Neutral Organics,,7.31,2.18,1.74,0.0,0.11,2.0586,9.957,LSER Dataset for CompTox users (2017),5.28,8.1493122,8.080241559369991,7.61473,7.16378,2.8693122000000004,7.4699426,exploratory
Polypropylene,"p,p'-DDE",72-55-9,ClC(=C(c1ccc(cc1)Cl)c1ccc(cc1)Cl)Cl,Vinyl/Allyl Halides,,6.51,1.8,1.4,0.06,0.14,2.0526,9.73,,5.27,7.9498902000000005,7.356340053551252,6.90833,6.65338,2.679890200000001,7.4599426,exploratory
Polystyrene,4-Nonylphenol,104-40-5,CCCCCCCCCc1ccc(cc1)O,Phenols,6.1985,5.76,0.77,0.88,0.55,0.36,2.0432,8.354,,4.74,7.0002964,6.7868302629339965,6.24608,6.17488,2.2602963999999997,9.7531998,exploratory
Polystyrene,PCB 31,16606-02-3,Clc1ccc(cc1)c1cc(Cl)ccc1Cl,Neutral Organics,,5.69,1.77,1.33,0.0,0.15,1.6914,7.862,LSER Dataset for CompTox users (2017),2.49,6.6695578,6.398024329511426,6.184270000000001,6.1302200000000004,4.1795577999999995,7.503199800000001,exploratory
Polystyrene,PCB 47,2437-79-8,Clc1ccc(c(c1)Cl)c1ccc(cc1Cl)Cl,Neutral Organics,,6.29,1.88,1.48,0.0,0.15,1.8138,8.227,LSER Dataset for CompTox users (2017),2.61,7.1015825999999995,6.974006284260768,6.71407,6.51302,4.491582599999999,7.6231998,exploratory
Polystyrene,PCB 103,60145-21-3,Clc1ccc(c(c1)c1c(Cl)cc(cc1Cl)Cl)Cl,Neutral Organics,,6.98,2.01,1.61,0.0,0.13,1.9362,8.429,LSER Dataset for CompTox users (2017),2.61,7.617087399999999,7.559560859744569,7.323340000000001,6.95324,5.0070874,7.6231998,exploratory
Polystyrene,PCB 128,38380-07-3,Clc1c(ccc(c1Cl)Cl)c1ccc(c(c1Cl)Cl)Cl,Neutral Organics,,7.31,2.18,1.74,0.0,0.11,2.0586,9.957,LSER Dataset for CompTox users (2017),3.13,8.1493122,8.080241559369991,7.61473,7.16378,5.019312200000001,8.143199800000001,exploratory
Polystyrene,PCB 171,52663-71-5,Clc1c(Cl)cc(c(c1Cl)c1ccc(c(c1Cl)Cl)Cl)Cl,Neutral Organics,,8.27,2.3,1.87,0.0,0.09,2.181,10.031,LSER Dataset for CompTox users (2017),2.88,8.660637,8.715004801111368,8.46241,7.77626,5.780637,7.8931998000000005,exploratory
Polystyrene,PCB 200,52663-73-7,Clc1c(Cl)c(Cl)c(c(c1Cl)Cl)c1c(Cl)ccc(c1Cl)Cl,Neutral Organics,,8.91,2.43,2.0,0.0,0.06,2.3034,10.41,LSER Dataset for CompTox users (2017),2.63,9.2118818,9.294779602778405,9.02753,8.18458,6.581881800000001,7.6431998000000005,exploratory
Polystyrene,PCB 206,40186-72-9,Clc1cc(c(c(c1Cl)Cl)Cl)c1c(Cl)c(Cl)c(c(c1Cl)Cl)Cl,Neutral Organics,,9.14,2.6,2.13,0.0,0.04,2.4258,11.45,LSER Dataset for CompTox users (2017),2.11,9.7441066,9.872933462550424,9.23062,8.331320000000002,7.634106600000001,7.1231998,exploratory
Polyvinyl Chloride,PCB 209,2051-24-3,Clc1c(c2c(Cl)c(Cl)c(c(c2Cl)Cl)Cl)c(Cl)c(c(c1Cl)Cl)Cl,Neutral Organics,,8.27,2.72,2.26,0.0,0.02,2.5482,11.703,LSER Dataset for CompTox users (2017),2.01,10.255431399999999,10.452291864879857,8.46241,7.77626,8.2454314,4.7133117,exploratory
Polyvinyl Chloride,PCB 31,16606-02-3,Clc1ccc(cc1)c1cc(Cl)ccc1Cl,Neutral Organics,,5.69,1.77,1.33,0.0,0.15,1.6914,7.862,LSER Dataset for CompTox users (2017),3.84,6.6695578,6.398024329511426,6.184270000000001,6.1302200000000004,2.8295578,6.5433117,exploratory
Polyvinyl Chloride,PCB 47,2437-79-8,Clc1ccc(c(c1)Cl)c1ccc(cc1Cl)Cl,Neutral Organics,,6.29,1.88,1.48,0.0,0.15,1.8138,8.227,LSER Dataset for CompTox users (2017),3.51,7.1015825999999995,6.974006284260768,6.71407,6.51302,3.5915825999999997,6.2133117,exploratory
Polyvinyl Chloride,PCB 103,60145-21-3,Clc1ccc(c(c1)c1c(Cl)cc(cc1Cl)Cl)Cl,Neutral Organics,,6.98,2.01,1.61,0.0,0.13,1.9362,8.429,LSER Dataset for CompTox users (2017),3.66,7.617087399999999,7.559560859744569,7.323340000000001,6.95324,3.957087399999999,6.363311700000001,exploratory
Polyvinyl Chloride,PCB 128,38380-07-3,Clc1c(ccc(c1Cl)Cl)c1ccc(c(c1Cl)Cl)Cl,Neutral Organics,,7.31,2.18,1.74,0.0,0.11,2.0586,9.957,LSER Dataset for CompTox users (2017),2.86,8.1493122,8.080241559369991,7.61473,7.16378,5.289312200000001,5.5633117,exploratory
Polyvinyl Chloride,PCB 171,52663-71-5,Clc1c(Cl)cc(c(c1Cl)c1ccc(c(c1Cl)Cl)Cl)Cl,Neutral Organics,,8.27,2.3,1.87,0.0,0.09,2.181,10.031,LSER Dataset for CompTox users (2017),2.74,8.660637,8.715004801111368,8.46241,7.77626,5.920636999999999,5.443311700000001,exploratory
Polyvinyl Chloride,PCB 200,52663-73-7,Clc1c(Cl)c(Cl)c(c(c1Cl)Cl)c1c(Cl)ccc(c1Cl)Cl,Neutral Organics,,8.91,2.43,2.0,0.0,0.06,2.3034,10.41,LSER Dataset for CompTox users (2017),2.47,9.2118818,9.294779602778405,9.02753,8.18458,6.7418818,5.1733117,exploratory
Polyvinyl Chloride,DDT,50-29-3,ClC(C(c1ccc(cc1)Cl)c1ccc(cc1)Cl)(Cl)Cl,Neutral Organics,,6.91,1.81,1.76,0.0,0.16,2.218,10.02,LSER Dataset for CompTox users (2017),4.85,8.350605999999999,7.403475952765883,7.2615300000000005,6.908580000000001,3.5006059999999994,7.5533117,exploratory
Polyvinyl Chloride,di(2-ethylhexyl) phthalate,117-81-7,CCCCC(COC(=O)c1ccccc1C(=O)OCC(CCCC)CC)CC,Esters,3.7166204939538,7.6,0.64,1.25,0.0,1.02,3.4014,12.7,,3.9,8.877067799999999,7.591698881719829,7.8708,7.3488,4.977067799999999,6.6033117,exploratory
Polyvinyl Chloride,Phenanthrene,85-01-8,c1ccc2c(c1)c1ccccc1cc2,Neutral Organics,5.10484984735857,4.46,2.06,1.29,0.0,0.26,1.4544,7.632,LSER Dataset for CompTox users (2017),3.18,5.604568799999999,5.1914417555923675,5.09818,5.34548,2.424568799999999,5.8833117,exploratory
Polyvinyl Chloride,Phenanthrene,85-01-8,c1ccc2c(c1)c1ccccc1cc2,Neutral Organics,5.10484984735857,4.46,2.06,1.29,0.0,0.26,1.4544,7.632,LSER Dataset for CompTox users (2017),3.05,5.604568799999999,5.1914417555923675,5.09818,5.34548,2.5545687999999993,5.753311699999999,exploratory
Polyvinyl Chloride,Phenanthrene,85-01-8,c1ccc2c(c1)c1ccccc1cc2,Neutral Organics,5.10484984735857,4.46,2.06,1.29,0.0,0.26,1.4544,7.632,LSER Dataset for CompTox users (2017),3.04,5.604568799999999,5.1914417555923675,5.09818,5.34548,2.564568799999999,5.7433117,exploratory
Polyvinyl Chloride,Phenobarbital,50-06-6,CCC1(C(=O)NC(=O)NC1=O)c1ccccc1,Carbonyl Ureas ,2.681,1.47,1.63,1.72,0.71,1.18,1.6999,8.956,,0.69,3.1836123,3.5382964005064172,2.45801,3.43786,2.4936123,3.3933117,exploratory
Polyvinyl Chloride,Flunitrazepam,1622-62-4,CN1C(=O)CN=C(c2c1ccc(c2)N(=O)=O)c1ccccc1F,Amides ,,2.06,2.1,2.15,0.0,1.48,2.1434,10.914,LSER Dataset for CompTox users (2017),1.81,3.4312418000000005,3.462913013292476,2.97898,3.81428,1.6212418000000004,4.5133117,exploratory
Polyvinyl Chloride,Nitrazepam,146-22-5,O=C1CN=C(c2c(N1)ccc(c2)N(=O)=O)c1ccccc1,Amides ,,2.25,2.3,1.53,0.33,1.43,1.9848,10.66,LSER Dataset for CompTox users (2017),0.9,3.4083995999999996,3.8431292156828896,3.14675,3.9355,2.5083995999999997,3.6033117,exploratory
Polyvinyl Chloride,Oxazepam,604-75-1,O=C1Nc2ccc(cc2C(=NC1O)c1ccccc1)Cl,Amides ,,2.24,2.35,1.12,0.2,1.62,1.9917,10.27,LSER Dataset for CompTox users (2017),0.9,2.7939508999999996,3.755389514485282,3.1379200000000003,3.92912,1.8939508999999997,3.6033117,exploratory
Polyvinyl Chloride,glycerol trinitrate,55-63-0,O=N(=O)OC(CON(=O)=O)CON(=O)=O,Neutral Organics,,1.62,0.49,2.04,0.0,0.34,1.23,6.007,Abraham Absolv,1.47,3.768089999999999,2.7494900920467873,2.59046,3.53356,2.2980899999999993,4.1733117,exploratory
Polyvinyl Chloride,medazepam,2898-12-6,Clc1ccc2c(c1)C(=NCCN2C)c1ccccc1,Neutral Organics,,4.41,1.9,1.77,0.0,0.89,2.0582,9.854,LSER Dataset for CompTox users (2017),1.7,5.237741399999999,5.272115974306184,5.05403,5.31358,3.537741399999999,4.4033117,exploratory
Polyvinyl Chloride,Fluphenazine,69-23-8,OCCN1CCN(CC1)CCCN1c2ccccc2Sc2c1cc(cc2)C(F)(F)F,Aliphatic Amines,,4.36,2.16,2.25,0.18,1.85,3.0907,15.02,LSER Dataset for CompTox users (2017),2.86,5.389833899999998,5.118824518911702,5.00988,5.28168,2.5298338999999985,5.5633117,exploratory
Polyvinyl Chloride,Naproxen,22204-53-1,COc1ccc2c(c1)ccc(c2)[C@@H](C(=O)O)C,Neutral Organics-acid,,3.18,1.51,2.02,0.6,0.67,1.7821,9.207,LSER Dataset for CompTox users (2017),2.43,5.1333117,3.075922385579444,3.9679400000000005,4.528840000000001,2.7033117,5.1333117,exploratory
Polyvinyl Chloride,Verapamil,52-53-9,COc1ccc(cc1OC)CCN(CCCC(c1ccc(c(c1)OC)OC)(C(C)C)C#N)C,Aliphatic Amines,,3.79,1.81,3.17,0.0,2.37,3.7861,17.51,LSER Dataset for CompTox users (2017),3.18,5.490919699999997,5.553835263660125,4.50657,4.91802,2.3109196999999972,5.8833117,exploratory
Polyvinyl Chloride,Diclofenac,15307-86-5,OC(=O)Cc1ccccc1Nc1c(Cl)cccc1Cl,Neutral Organics-acid,,4.51,1.81,1.85,0.55,0.77,2.025,11.025,LSER Dataset for CompTox users (2017),2.6,5.731674999999999,3.8956890850396,5.142329999999999,5.3773800000000005,3.131674999999999,5.3033117,exploratory
Polyvinyl Chloride,Clonazepam,1622-61-3,O=C1CN=C(c2c(N1)ccc(c2)N(=O)=O)c1ccccc1Cl,Amides ,,2.41,2.46,1.75,0.33,1.5,2.1072,11.427,LSER Dataset for CompTox users (2017),1.08,3.5984044000000006,3.9042028709984558,3.28803,4.03758,2.5184044000000005,3.7833117,exploratory
Polyvinyl Chloride,warfarin,81-81-2,CC(=O)C[C@@H](c1c(=O)oc2c(c1O)cccc2)c1ccccc1,Esters,,2.7,1.98,1.88,0.29,1.57,2.3077,11.72,LSER Dataset for CompTox users (2017),1.96,3.7843329,4.0096849375726755,3.5441000000000003,4.2226,1.8243329,4.6633116999999995,exploratory
Polyvinyl Chloride,Diltiazem,42399-41-7,COc1ccc(cc1)[C@@H]1Sc2ccccc2N(C(=O)[C@@H]1OC(=O)C)CCN(C)C,Amides ,,2.7,2.66,2.14,0.0,2.22,3.1365,15.56,LSER Dataset for CompTox users (2017),1.35,4.376080499999999,4.092915729168743,3.5441000000000003,4.2226,3.0260804999999986,4.0533117,exploratory
Polyvinyl Chloride,Diazepam,439-14-5,Clc1ccc2c(c1)C(=NCC(=O)N2C)c1ccccc1,Amides ,,2.82,2.08,1.55,0.0,1.28,2.0739,10.48,LSER Dataset for CompTox users (2017),1.12,4.0121803,4.025066783149074,3.65006,4.29916,2.8921802999999997,3.8233117,exploratory
Polyvinyl Chloride,Promazine,58-40-2,CN(CCCN1c2ccccc2Sc2c1cccc2)C,Aliphatic Amines,,4.55,2.05,1.49,0.0,1.08,2.2832,11.3,LSER Dataset for CompTox users (2017),3.37,5.432166399999999,5.398581800711707,5.17765,5.4029,2.062166399999999,6.0733117,exploratory
Polyvinyl Chloride,Chloropromazine,50-53-3,CN(CCCN1c2ccccc2Sc2c1cc(Cl)cc2)C,Aliphatic Amines,,5.41,2.2,1.57,0.0,1.01,2.4056,11.84,LSER Dataset for CompTox users (2017),5.88,6.143831200000001,5.822372424396915,5.93703,5.95158,0.26383120000000115,8.5833117,exploratory
Polyvinyl Chloride,Thioridazine,50-52-2,CSc1ccc2c(c1)N(CCC1CCCCN1C)c1c(S2)cccc1,Aliphatic Amines,,5.9,2.7,2.7,0.0,1.15,2.9017,15.26,LSER Dataset for CompTox users (2017),4.43,7.322140900000001,6.639451331789292,6.369700000000001,6.264200000000001,2.892140900000001,7.1333117,exploratory
UHMWPE,Phenanthrene,85-01-8,c1ccc2c(c1)c1ccccc1cc2,Neutral Organics,5.10484984735857,4.46,2.06,1.29,0.0,0.26,1.4544,7.632,LSER Dataset for CompTox users (2017),4.54,5.604568799999999,5.1914417555923675,5.09818,5.34548,1.064568799999999,8.080606,exploratory
UHMWPE,DDT,50-29-3,ClC(C(c1ccc(cc1)Cl)c1ccc(cc1)Cl)(Cl)Cl,Neutral Organics,,6.91,1.81,1.76,0.0,0.16,2.218,10.02,LSER Dataset for CompTox users (2017),4.81,8.350605999999999,7.403475952765883,7.2615300000000005,6.908580000000001,3.5406059999999995,8.350605999999999,exploratory
UHMWPE,di(2-ethylhexyl) phthalate,117-81-7,CCCCC(COC(=O)c1ccccc1C(=O)OCC(CCCC)CC)CC,Esters,3.7166204939538,7.6,0.64,1.25,0.0,1.02,3.4014,12.7,,4.82,8.877067799999999,7.591698881719829,7.8708,7.3488,4.057067799999999,8.360606,exploratory
HDPE,Phenanthrene,85-01-8,c1ccc2c(c1)c1ccccc1cc2,Neutral Organics,5.10484984735857,4.46,2.06,1.29,0.0,0.26,1.4544,7.632,LSER Dataset for CompTox users (2017),4.41,5.604568799999999,5.1914417555923675,5.09818,5.34548,1.194568799999999,5.6088553,exploratory
HDPE,Naphthalene,91-20-3,c1ccc2c(c1)cccc2,Neutral Organics,4.32,3.3,1.34,0.92,0.0,0.2,1.0854,5.161,LSER Dataset for CompTox users (2017),3.83,4.339275799999999,4.135293449382193,4.0739,4.6053999999999995,0.5092757999999993,5.0288553,exploratory
HDPE,Acenaphthene,83-32-9,c1cc2cccc3c2c(c1)CC3,Neutral Organics,4.95,3.92,1.6,1.05,0.0,0.22,1.2586,6.469,,4.26,4.9377122,5.017264333521715,4.62136,5.00096,0.6777122000000002,5.4588553,exploratory
HDPE,Fluorene,86-73-7,c1ccc2c(c1)Cc1c2cccc1,Neutral Organics,,4.18,1.59,1.06,0.0,0.25,1.3565,6.922,LSER Dataset for CompTox users (2017),4.03,5.1551005000000005,4.895578295002938,4.85094,5.16684,1.1251005000000003,5.228855299999999,exploratory
HDPE,Fluoranthene,206-44-0,c1ccc2c(c1)c1cccc3c1c2ccc3,Neutral Organics,,5.16,2.38,1.55,0.0,0.24,1.5846,8.827,LSER Dataset for CompTox users (2017),4.78,6.2021742,5.719322698232861,5.71628,5.79208,1.4221741999999997,5.978855299999999,exploratory
HDPE,Pyrene,129-00-0,c1cc2ccc3c4c2c(c1)ccc4ccc3,Neutral Organics,5.30588895974712,4.88,2.81,1.71,0.0,0.28,1.5846,8.833,LSER Dataset for CompTox users (2017),4.73,6.2098342,5.719322698232861,5.46904,5.613440000000001,1.4798342,5.9288553,exploratory
HDPE,Benz[a]anthracene,56-55-3,c1ccc2c(c1)cc1c(c2)ccc2c1cccc2,Neutral Organics,,5.76,2.99,1.7,0.0,0.35,1.8234,10.291,,5.64,6.8431418,6.247916201190987,6.24608,6.17488,1.2031418,6.838855299999999,exploratory
HDPE,Chrysene,218-01-9,c1ccc2c(c1)c1ccc3c(c1cc2)cccc3,Neutral Organics,,5.81,3.03,1.73,0.0,0.33,1.8234,10.334,LSER Dataset for CompTox users (2017),6.05,6.925881799999999,6.247916201190987,6.29023,6.20678,0.8758817999999993,7.248855299999999,exploratory
HDPE,Toluene,108-88-3,Cc1ccccc1,Neutral Organics,3.595,2.73,0.6,0.52,0.0,0.14,0.8573,3.325,LSER Dataset for CompTox users (2017),1.85,3.546902099999999,3.5706274125757935,3.57059,4.24174,1.696902099999999,3.0488552999999996,exploratory
HDPE,o-Xylene,95-47-6,Cc1ccccc1C,Neutral Organics,4.10525,3.16,0.66,0.56,0.0,0.16,0.9982,3.939,LSER Dataset for CompTox users (2017),2.39,3.9690413999999996,4.0621667866550295,3.9502800000000002,4.5160800000000005,1.5790413999999995,3.5888552999999996,exploratory
